wavelength,emission_minus_background,calibrated_emission
271.739122871536,175,10.080496632173626
272.29531709766,214,12.32700731020089
272.851498863684,147,8.429900029339413
273.407668169609,178,10.443712491158301
273.963825015436,176,10.520151085960629
274.519969401163,214,13.132769023778067
275.076101326792,171,10.910518225297603
275.632220792322,205,13.401698602243865
276.188327797753,183,12.258712432424304
276.744422343085,146,10.271380608338612
277.300504428318,183,13.1498777894697
277.856574053453,164,12.075710292401833
278.412631218488,220,16.95187064777402
278.968675923425,192,14.838678185756333
279.524708168262,171,13.548666587512738
280.080727953001,183,14.89002466804188
280.636735277641,169,14.023553890680537
281.192730142182,188,16.09248600734474
281.748712546624,133,11.617420822243057
282.304682490967,199,17.991220736929122
282.860639975212,185,16.935878707595773
283.416584999357,178,17.056501795580896
283.972517563403,169,16.66630755747169
284.528437667351,149,15.117035301392278
285.0843453112,183,19.02053345867299
285.64024049495,155,16.26736264458933
286.196123218601,155,16.738003523382726
286.751993482153,206,23.047077227546612
287.307851285606,164,18.770297941470556
287.86369662896,170,20.04391940108118
288.419529512216,164,19.906440642852765
288.975349935372,171,20.838618458417187
289.53115789843,105,12.859362979369935
290.086953401388,163,19.753535026453992
290.642736444248,177,21.389625337891964
291.198507027009,194,23.358297174980986
291.754265149671,224,27.411499646892032
292.310010812235,172,21.793773758121212
292.865744014699,173,22.863298886786502
293.421464757064,222,31.35722688480325
293.977173039331,150,22.9666238464053
294.532868861498,194,32.30865573933097
295.088552223567,167,30.573048161410366
295.644223125537,188,37.13084802195711
296.199881567408,206,42.43315194326975
296.75552754918,147,31.379606686477917
297.311161070853,207,43.7346737558433
297.866782132427,152,32.72747967164084
298.422390733903,218,48.436035316596424
298.977986875279,148,34.54376520703149
299.533570556557,204,49.789585784540364
300.089141777735,198,50.73842130408572
300.644700538815,208,53.89604140385484
301.200246839796,195,50.508399874098075
301.755780680678,152,41.09264016549491
302.311302061461,152,41.62430066376372
302.866810982146,173,49.05886597087269
303.422307442731,189,55.96982611457813
303.977791443217,174,50.90710394748997
304.533262983605,177,52.242354186676174
305.088722063894,214,64.18938218391351
305.644168684084,157,47.790122833786896
306.199602844174,142,44.96544276804092
306.755024544167,157,50.044843147558105
307.31043378406,201,65.35069723146391
307.865830563854,216,72.2455757258657
308.421214883549,220,75.39884677926281
308.976586743146,221,77.52850435554683
309.531946142643,221,79.87438786978998
310.087293082042,194,70.77126723197244
310.642627561342,166,61.843547240749935
311.197949580543,196,75.27119726355687
311.753259139645,209,81.6770311509854
312.308556238648,199,78.85839365695225
312.863840877552,194,77.545387557306
313.419113056357,178,72.80469181770422
313.974372775064,188,77.82854737726497
314.529620033671,172,71.94845875041896
315.08485483218,185,77.905043608064
315.64007717059,178,75.04990871467686
316.195287048901,211,91.97291747937395
316.750484467113,181,80.19943682735548
317.305669425226,173,79.6555514792889
317.86084192324,205,98.04906054418858
318.416001961155,230,110.46736536508294
318.971149538972,174,84.75536327955156
319.526284656689,187,93.02296102198225
320.081407314308,136,66.82937687503389
320.636517511828,174,86.23499228190565
321.191615249249,198,100.96438236060726
321.746700526571,186,94.47286102809404
322.301773343794,196,103.12002469042305
322.856833700918,209,110.68222784311165
323.411881597943,173,93.1574922786357
323.96691703487,164,90.96070788658987
324.521940011697,186,104.40043449481942
325.076950528426,216,125.68325478827393
325.631948585056,216,124.91059854177043
326.186934181586,207,120.05624303059545
326.741907318018,220,128.92324950341077
327.296867994352,182,109.53958565042966
327.851816210586,193,117.82150512455344
328.406751966721,222,139.9322273363227
328.961675262757,226,143.4724914750456
329.516586098695,177,111.94261218790598
330.071484474534,235,153.2256869201134
330.626370390273,187,122.69877087188154
331.181243845914,166,111.98890933286688
331.736104841456,209,141.80124485976054
332.290953376899,190,130.8421485410884
332.845789452243,207,144.91543993605714
333.400613067489,199,140.01844633039468
333.955424222635,242,173.94260507333175
334.510222917683,255,185.99453027424863
335.065009152631,188,137.67458705863186
335.619782927481,215,160.1083213427717
336.174544242232,243,180.503590097829
336.729293096884,241,179.20116463122042
337.284029491437,192,146.91879626869152
337.838753425891,198,152.3129207083035
338.393464900246,249,200.66552712699385
338.948163914503,237,192.7324707986581
339.50285046866,216,175.83481550507875
340.057524562719,226,186.86295956312028
340.612186196679,203,164.38907934127977
341.166835370539,240,200.7299241151776
341.721472084301,218,182.97504807227128
342.276096337964,207,173.9745917192987
342.830708131529,222,189.9317063179792
343.385307464994,258,217.6258488766763
343.93989433836,239,200.28528155305992
344.494468751628,280,236.61953464716225
345.049030704796,251,212.84630761614585
345.603580197866,258,219.783889087864
346.158117230837,253,221.79929024787106
346.712641803709,241,209.54158011882924
347.267153916482,271,235.7539835277197
347.821653569156,253,225.51253671949186
348.376140761731,229,201.98926338254185
348.930615494207,262,237.54302681053957
349.485077766585,293,271.16925289638186
350.039527578864,270,246.26066311822015
350.593964931043,301,276.80397760805727
351.148389823124,265,241.05516142320553
351.702802255106,344,314.4746564365391
352.257202226989,351,324.35576719268664
352.811589738773,332,307.3285531353111
353.365964790458,351,332.1929540884494
353.920327382045,411,387.41363149519606
354.474677513532,382,359.1285792776353
355.029015184921,385,364.7126671553904
355.58334039621,452,427.69531111151787
356.137653147401,474,453.91598744942735
356.691953438493,527,509.6359882326758
357.246241269486,548,534.0278914849696
357.80051664038,602,587.3975276043105
358.354779551176,616,595.4241073177018
358.909030001872,634,604.1716249630081
359.463267992469,693,665.7479125458458
360.017493522968,761,726.3371311461765
360.571706593368,829,793.6678931955059
361.125907203668,794,774.3039811177267
361.68009535387,939,903.7484655771632
362.234271043973,1042,1006.1848072291835
362.788434273977,1074,1035.22881078707
363.342585043883,1074,1029.0880385470398
363.896723353689,1237,1193.8369400963206
364.450849203396,1194,1159.2065635102413
365.004962593005,1400,1352.8900258104995
365.559063522515,1409,1381.6368343412375
366.113151991925,1540,1520.745227789206
366.667228001237,1650,1658.6596460169617
367.22129155045,1755,1795.159903427789
367.775342639564,1769,1827.8803623589006
368.329381268579,1967,2052.539726146715
368.883407437496,1978,2054.1520488273313
369.437421146313,2128,2231.2128744347638
369.991422395032,2127,2232.9703886403963
370.545411183651,2336,2481.1894967507606
371.099387512172,2392,2553.3785269531386
371.653351380594,2559,2761.2088380587497
372.207302788917,2648,2898.6405738999783
372.761241737141,2753,3003.832366966345
373.315168225266,2904,3205.0056797046
373.869082253293,2984,3315.650936040928
374.42298382122,2964,3299.2914085197845
374.976872929048,3089,3456.035486497368
375.530749576778,3016,3412.605996997079
376.084613764409,3295,3769.053742349614
376.638465491941,3267,3799.455704292973
377.192304759374,3388,4038.196309027952
377.746131566708,3468,4157.444530558387
378.299945913943,3499,4196.552270861776
378.853747801079,3597,4370.332758863454
379.407537228117,3606,4430.410212313005
379.961314195055,3640,4468.051672372215
380.515078701895,3746,4704.264072276178
381.068830748635,3704,4691.271803469762
381.622570335277,3721,4734.10089483196
382.17629746182,3952,5116.829162219786
382.730012128264,3931,5100.818714207579
383.283714334609,3922,5105.851025478996
383.837404080856,4018,5258.318045685492
384.391081367003,4075,5426.304570100478
384.944746193052,4095,5473.961589862583
385.498398559001,4055,5435.961535100883
386.052038464852,4003,5378.510194926329
386.605665910604,4122,5573.4680545044075
387.159280896257,4189,5750.720527964229
387.712883421811,4040,5641.688472919877
388.266473487266,4152,5834.243241615058
388.820051092622,4210,5902.326194904871
389.37361623788,4194,5846.4234694590805
389.927168923038,4285,5990.392173826256
390.480709148098,4153,5874.434083465403
391.034236913058,4049,5736.6604374369645
391.58775221792,4169,5903.584070080589
392.141255062683,4128,5897.037932138474
392.694745447347,4357,6264.006195150965
393.248223371912,4209,6092.075975145873
393.801688836379,4273,6330.393092072562
394.355141840746,4296,6321.772543032933
394.908582385014,4432,6578.207140447162
395.462010469184,4288,6396.180975802877
396.015426093255,4223,6281.1056936456025
396.568829257227,4326,6481.080326641788
397.122219961099,4331,6485.08311594365
397.675598204873,4424,6741.205261391353
398.228963988549,4400,6716.8193235078315
398.782317312125,4370,6671.456254276245
399.335658175602,4397,6672.127098907623
399.888986578981,4289,6409.945209402056
400.44230252226,4381,6533.088302258464
400.995606005441,4359,6546.733280614016
401.548897028523,4436,6675.8998322088455
402.102175591506,4531,6854.560370727954
402.65544169439,4463,6672.209401659405
403.208695337175,4451,6642.267550091578
403.761936519861,4489,6721.488450963708
404.315165242448,4524,6814.566565107918
404.868381504937,4445,6859.424751870379
405.421585307326,4631,7105.851651569297
405.974776649617,4529,6999.013623376953
406.527955531809,4540,7008.937332703275
407.081121953902,4612,7010.801022232416
407.634275915896,4708,7111.450881018877
408.187417417791,4706,7030.347692741802
408.740546459587,4769,7019.837011999348
409.293663041284,4802,7062.982194689829
409.846767162883,4901,7291.317788502533
410.399858824382,4925,7283.200955851088
410.952938025783,4952,7406.276455078298
411.506004767085,4938,7389.104815604785
412.059059048288,5157,7663.111337432706
412.612100869392,5223,7739.261363210736
413.165130230397,5263,7788.678267122439
413.718147131303,5509,8078.372478445791
414.27115157211,5472,7969.238417484372
414.824143552819,5635,8145.542815858038
415.377123073428,5815,8349.503578797849
415.930090133939,5909,8440.67953267779
416.483044734351,6030,8566.527292871946
417.035986874663,6143,8738.102499685778
417.588916554877,6385,8998.061936204505
418.141833774992,6632,9388.083716576544
418.694738535009,6757,9549.417697723207
419.247630834926,6912,9646.220094189097
419.800510674744,7232,10036.538874500357
420.353378054464,7419,10265.713319490525
420.906232974084,7589,10377.116398427836
421.459075433606,7834,10724.528620353332
422.011905433029,8107,11107.085518410866
422.564722972353,8494,11525.961058131234
423.117528051578,8771,11776.385918540625
423.670320670704,8964,11972.191668466961
424.223100829732,9300,12161.983715922075
424.77586852866,9831,12847.04977511587
425.32862376749,10255,13412.440462335528
425.88136654622,10468,13529.488451852496
426.434096864852,10973,14208.103269136427
426.986814723385,11329,14425.30019216167
427.539520121819,11830,15078.540028746276
428.092213060154,12111,15341.138704541916
428.64489353839,12636,15896.965321210653
429.197561556527,13244,16632.384219689295
429.750217114566,13844,17223.91614039124
430.302860212505,14274,17738.880268199307
430.855490850346,14935,18432.001016746854
431.408109028087,15451,18938.55197734324
431.96071474573,15925,19357.911994296577
432.513308003274,16590,20064.13468326433
433.065888800719,17323,20734.681382033898
433.618457138065,17897,21317.118349775526
434.171013015313,18617,22140.78917318761
434.723556432461,19174,22780.622843607925
435.27608738951,20091,23871.3952853132
435.828605886461,20572,24333.18184426553
436.381111923313,21334,25127.66661869464
436.933605500066,22029,25856.098640624692
437.486086616719,23112,27138.65280378757
438.038555273275,23610,27754.260890539295
438.591011469731,24443,28568.83463771699
439.143455206088,25057,29051.67602415884
439.695886482346,26062,30127.61017949555
440.248305298506,26785,30870.503249976166
440.800711654566,27763,31949.765140382624
441.353105550528,28561,32811.27724849807
441.905486986391,29178,33371.489731105394
442.457855962155,30250,34540.606156981376
443.01021247782,31061,35407.20762759323
443.562556533386,31941,36109.976172786366
444.114888128853,32843,36988.20854002897
444.667207264222,33499,37585.89686821728
445.219513939491,34198,38387.72969895288
445.771808154662,35447,40153.53821556377
446.324089909733,36147,40834.253085237644
446.876359204706,37213,41742.68524795694
447.42861603958,37786,42005.99277269986
447.980860414355,38485,42604.211847620805
448.533092329031,39267,43502.81302907935
449.085311783608,40303,44692.96327011076
449.637518778087,41065,45737.66703741487
450.189713312466,42010,46875.95067089046
450.741895386747,43018,48332.377912967146
451.294065000928,43711,49101.43486601625
451.846222155011,44208,49804.54954043487
452.398366848995,45358,51186.68150383131
452.95049908288,45866,51917.146149917266
453.502618856666,46709,53219.60077684036
454.054726170353,47436,53994.85177409991
454.606821023942,47960,54683.930034523204
455.158903417431,48860,55712.152299805544
455.710973350822,49619,56952.27526700772
456.263030824113,50119,58081.36215435558
456.815075837306,50907,59233.759457079344
457.3671083904,51675,60316.40640733554
457.919128483395,52222,60962.7433982197
458.471136116291,52719,61653.93624950791
459.023131289088,53399,62739.89342572576
459.575114001787,53739,63379.24442887857
460.127084254386,54472,64576.716159411095
460.679042046886,54996,65338.591933025884
461.230987379288,55617,66136.47052112405
461.782920251591,55921,66985.66545051374
462.334840663795,56577,68030.31074870305
462.8867486159,57227,68957.86480897701
463.438644107906,57504,69787.10631858125
463.990527139813,58106,70662.34629885036
464.542397711621,57980,70754.35209418793
465.094255823331,58901,72416.8587067425
465.646101474941,59137,72819.99834307359
466.197934666453,59147,72950.1742306774
466.749755397866,59947,73990.16982588904
467.301563669179,60128,74675.0686199702
467.853359480394,60508,75713.394035613
468.40514283151,60601,76372.61158196555
468.956913722528,60824,77317.76624224988
469.508672153446,61185,77783.49331972068
470.060418124265,61281,78162.18780318288
470.612151634986,61416,78570.50776160102
471.163872685607,61801,79031.38705828186
471.71558127613,61774,79024.66342864327
472.267277406554,62061,79706.70771329147
472.818961076879,62595,80422.97600675665
473.370632287105,62204,80463.93475584556
473.922291037232,62334,81244.12308683035
474.473937327261,62534,81204.50028643238
475.02557115719,62715,81827.75826856268
475.57719252702,62696,81816.04162864687
476.128801436752,62731,82147.81204469071
476.680397886385,62686,82573.51828053352
477.231981875918,62564,82570.27792393083
477.783553405353,62738,83308.20341777634
478.335112474689,62880,83521.5036831883
478.886659083927,62943,84012.53449650199
479.438193233065,62742,84209.28145106536
479.989714922104,62596,83900.06183702372
480.541224151045,62672,84261.0829512579
481.092720919886,62488,84248.48011901476
481.644205228629,62797,84573.79131773031
482.195677077273,62420,84518.75865378811
482.747136465818,62644,85245.56149005746
483.298583394264,62268,84680.1737878668
483.850017862611,62098,84448.69148392034
484.401439870859,62531,85097.21044883417
484.952849419009,62011,84100.64760061303
485.504246507059,61952,84033.63214224968
486.055631135011,61663,83920.76936784374
486.607003302863,61318,83389.30224750367
487.158363010617,61747,84445.16155799222
487.709710258272,61504,84239.61459662895
488.261045045828,61566,84305.69575970102
488.812367373285,61297,83874.17372867231
489.363677240643,61009,83532.05807964226
489.914974647903,61194,84079.86012149914
490.466259595063,60755,83851.8045434055
491.017532082125,60720,83893.89220853169
491.568792109087,60519,83221.79555004889
492.120039675951,60345,82840.99675861748
492.671274782716,60278,82252.22287058084
493.222497429382,60254,82342.06812526568
493.773707615949,60192,82255.20399612964
494.324905342417,59853,81908.05022141985
494.876090608787,59831,81856.00619263697
495.427263415057,60075,82037.78724342113
495.978423761229,59433,81041.25456288774
496.529571647302,59382,80750.3797133786
497.080707073275,59273,80393.09854164845
497.63183003915,58902,79574.46546364222
498.182940544926,59096,79443.69610500366
498.734038590603,58908,78998.67789204895
499.285124176182,58703,78460.87346321162
499.836197301661,58484,78011.17860395131
500.387257967041,58276,77625.27275644893
500.938306172323,58229,77171.71426080231
501.489341917505,58185,77077.6478925947
502.040365202589,57944,76424.06223260154
502.591376027574,57754,76069.22616811858
503.14237439246,57632,76041.16353992572
503.693360297247,57389,75330.13086177483
504.244333741935,57516,75431.64164052924
504.795294726525,57196,75011.8378783205
505.346243251015,57042,74335.13045124449
505.897179315407,56853,74224.2607950121
506.448102919699,56512,73689.1246378785
506.999014063893,56742,73684.800234938
507.549912747988,56448,73111.53136834537
508.100798971984,56379,72610.72465197716
508.651672735881,55703,71403.13767221966
509.202534039679,55854,71268.6755575053
509.753382883378,55808,70927.12314047382
510.304219266979,55586,70616.58739408028
510.85504319048,55191,69859.86491442064
511.405854653883,54911,69131.93968925
511.956653657187,54765,68645.93216359708
512.507440200392,54488,67947.6688850545
513.058214283498,54294,67671.79893735341
513.608975906505,53877,67168.92301977455
514.159725069413,53867,67211.99501545409
514.710461772222,53714,66899.977714078
515.261186014933,53246,65978.53514909655
515.811897797544,53174,65798.62976590358
516.362597120057,52601,64926.08942499014
516.91328398247,52549,64864.16791653728
517.463958384785,52211,64500.999937016146
518.014620327001,51978,64073.27944929024
518.565269809118,51885,63708.16781060889
519.115906831136,50955,62287.42215091324
519.666531393056,51248,62452.89817226405
520.217143494876,50866,61729.57849856745
520.767743136597,50641,61304.629807709505
521.31833031822,50051,60288.8838035828
521.868905039744,49643,59577.97014810208
522.419467301169,49460,59126.7058622878
522.970017102495,49317,58824.47858166231
523.520554443722,48577,57737.324692201946
524.07107932485,48354,57351.662413438164
524.621591745879,48359,57255.60504707096
525.17209170681,47948,56385.35578696241
525.722579207641,47096,55316.992602325365
526.273054248373,47166,55156.447792162515
526.823516829007,46904,54620.7741117869
527.373966949542,46948,54679.30162831974
527.924404609978,45963,53442.368387056595
528.474829810315,45941,53211.51302650464
529.025242550553,45440,52614.20392076808
529.575642830692,45229,52075.28603147772
530.126030650733,44881,51444.075883642705
530.676406010674,44364,50887.31376490515
531.226768910517,44292,50480.85842571697
531.77711935026,43845,49934.386577310004
532.327457329905,43340,49225.18354246443
532.877782849451,42821,48305.76917116121
533.428095908898,43157,48747.36227446221
533.978396508246,42708,48110.95419827175
534.528684647496,42113,47295.84417408347
535.078960326646,41913,46909.617448256664
535.629223545697,41557,46244.06525228215
536.17947430465,41109,45596.74343687035
536.729712603504,40754,45087.7009937364
537.279938442258,40178,44367.37645338377
537.830151820914,40126,44215.233770227365
538.380352739471,39869,43689.76231461873
538.93054119793,39618,43367.91856713376
539.480717196289,39132,42709.60018157398
540.030880734549,38667,41989.604977079485
540.581031812711,38334,41541.54740319581
541.131170430773,38111,41111.69465196679
541.681296588737,37910,40784.662149094256
542.231410286602,37586,40412.070557956016
542.781511524367,36976,39688.45645908028
543.331600302034,36724,39233.418002198676
543.881676619602,36271,38617.44728677029
544.431740477072,36511,38753.000672166796
544.981791874442,35753,37871.840329725565
545.531830811713,35421,37384.13682432893
546.081857288886,35151,36919.77676358562
546.63187130596,34752,36353.91325264795
547.181872862934,34533,35921.154619138884
547.73186195981,34343,35676.288100493104
548.281838596587,33983,35339.94803590865
548.831802773265,33618,34867.94949365952
549.381754489845,33264,34459.924053766896
549.931693746325,32857,33879.75179650541
550.481620542706,32582,33376.32868237656
551.031534878989,32164,32860.3897065325
551.581436755172,31970,32600.811069077405
552.131326171257,31406,32013.0098065803
552.681203127243,31349,31914.74968402732
553.23106762313,30881,31441.88117023831
553.780919658918,30712,31113.725028360557
554.330759234607,30323,30646.01135838744
554.880586350198,29893,30187.29324590706
555.430401005689,29444,29660.893708828622
555.980203201082,29278,29534.19996451643
556.529992936375,28935,29169.046830034564
557.07977021157,28654,28818.307300646415
557.629535026666,28131,28261.610889304222
558.179287381663,27946,28067.00908528041
558.729027276561,27512,27610.950824249012
559.27875471136,27099,27204.208909635752
559.82846968606,26839,26912.625527462547
560.378172200662,26864,26844.191908870853
560.927862255164,26385,26311.851664729325
561.477539849568,26003,25864.332623719518
562.027204983873,25690,25545.671893404975
562.576857658078,25306,25174.38910091764
563.126497872185,25130,24974.720977927704
563.676125626193,24891,24789.46420595898
564.225740920102,24534,24366.592792811505
564.775343753913,24370,24190.929749935865
565.324934127624,23865,23703.393062432093
565.874512041237,23520,23352.994759742058
566.42407749475,23209,23086.097646595492
566.973630488165,23012,22876.679293805613
567.523171021481,22739,22618.46298920326
568.072699094698,22347,22191.273063666416
568.622214707816,22060,21831.70204218978
569.171717860835,21823,21572.92705679835
569.721208553755,21648,21336.2646361165
570.270686786576,21319,21019.897927495644
570.820152559299,21160,20881.59089649207
571.369605871923,20898,20595.841086252323
571.919046724447,20495,20209.201478462004
572.468475116873,20213,19895.374546409712
573.0178910492,19897,19563.282177759334
573.567294521428,19666,19392.825332799315
574.116685533557,19256,18979.873360905807
574.666064085588,19093,18816.791470923163
575.215430177519,18849,18598.516329034086
575.764783809351,18497,18243.03183611488
576.314124981085,18303,18052.059454469614
576.86345369272,18048,17802.96133870274
577.412769944256,17844,17578.397410160327
577.962073735692,17549,17274.711499289508
578.51136506703,17574,17305.16217905073
579.06064393827,17203,17008.55670584448
579.60991034941,16861,16712.85847881814
580.159164300451,16692,16558.26518121657
580.708405791394,16534,16370.137402494272
581.257634822237,16066,15850.08736369582
581.806851392982,15882,15660.292750822733
582.356055503628,15840,15626.468548731538
582.905247154174,15714,15543.786974263678
583.454426344622,15387,15235.506231445625
584.003593074972,15210,15022.674393345702
584.552747345222,15007,14804.33136278312
585.101889155373,14840,14657.965875810785
585.651018505426,14496,14300.5646703395
586.200135395379,14235,14081.427598358981
586.749239825234,14167,14049.979792160506
587.29833179499,13907,13789.852263947821
587.847411304646,13663,13588.735735580723
588.396478354205,13550,13512.653596739014
588.945532943663,13301,13282.726677380397
589.494575073024,12733,12723.23767680104
590.043604742285,13021,13020.659984697912
590.592621951447,12793,12806.480068510387
591.141626700511,12642,12641.600398938792
591.690618989476,12339,12352.866305251962
592.239598818341,12263,12299.902158943209
592.788566187108,11890,11939.696598710549
593.337521095776,11829,11925.78916712561
593.886463544345,11643,11807.388074972145
594.435393532816,11477,11667.37603591585
594.984311061187,11274,11479.573797789979
595.533216129459,10970,11190.833916529353
596.082108737633,10787,10991.706488789245
596.630988885708,10891,11108.000247904345
597.179856573683,10608,10854.414931864534
597.72871180156,10301,10560.812068480576
598.277554569338,10279,10560.299573193843
598.826384877017,10164,10491.589076414117
599.375202724597,9827,10184.086798704373
599.924008112079,9684,10087.192312670728
600.472801039461,9459,9909.528042797096
601.021581506745,9456,9939.416345612486
601.570349513929,9329,9805.149078756214
602.119105061015,9122,9609.32508222733
602.667848148002,8917,9425.551453492566
603.21657877489,8779,9318.934289819153
603.765296941679,8573,9143.517001687675
604.314002648369,8668,9278.599816655402
604.86269589496,8430,9034.176997040971
605.411376681453,8341,8958.013117560522
605.960045007846,8225,8884.216108183517
606.508700874141,7920,8591.7931048422
607.057344280337,7854,8567.754316516639
607.605975226433,7772,8520.571325607196
608.154593712431,7546,8290.421596691502
608.70319973833,7288,8029.537097931674
609.251793304131,7403,8173.225597723971
609.800374409832,7168,7923.903815750451
610.348943055434,7249,8046.055606868274
610.897499240938,7039,7841.153659225062
611.446042966342,6966,7811.847507621105
611.994574231648,6664,7507.07800653266
612.543093036855,6811,7702.1030796979785
613.091599381963,6539,7428.206888731317
613.640093266972,6398,7295.725225532289
614.188574691882,6437,7366.413982602287
614.737043656693,6171,7077.536346569929
615.285500161406,6177,7105.930344396271
615.833944206019,6034,6959.943091529875
616.382375790534,5877,6797.2118076786555
616.930794914949,5881,6822.662047881547
617.479201579266,5666,6599.71813533255
618.027595783484,5576,6505.359175713515
618.575977527603,5537,6482.369869123161
619.124346811623,5413,6365.767680812741
619.672703635545,5346,6310.620676458032
620.221047999367,5326,6316.945240174418
620.76937990309,5326,6334.608157711617
621.317699346715,5143,6141.909806677745
621.866006330241,5063,6056.242091751476
622.414300853668,5000,5999.223279379549
622.962582916995,5024,6058.449504687396
623.510852520224,4892,5909.70853476394
624.059109663355,4819,5836.532167066298
624.607354346386,4698,5702.30495716561
625.155586569318,4484,5447.1459746227065
625.703806332152,4650,5674.132949020941
626.252013634886,4558,5586.2603511273865
626.800208477522,4393,5393.646594756579
627.348390860059,4254,5243.790863734737
627.896560782496,4303,5310.797667973468
628.444718244835,4131,5101.645945748907
628.992863247076,4100,5069.091755659129
629.540995789217,4169,5165.811794662749
630.089115871259,3986,4939.158865386982
630.637223493203,3953,4902.519757762475
631.185318655047,3909,4849.833505120537
631.733401356793,3872,4803.100907676973
632.28147159844,3753,4670.459009631015
632.829529379987,3832,4766.090251993734
633.377574701437,3704,4620.914774967582
633.925607562786,3717,4640.641107850523
634.473627964038,3553,4439.1477017928855
635.02163590519,3648,4576.021243560953
635.569631386243,3492,4392.349126763763
636.117614407198,3422,4316.5430197875485
636.665584968054,3385,4276.742972061377
637.21354306881,3356,4244.9077460812105
637.761488709468,3287,4162.923501251139
638.309421890027,3307,4188.92324325272
638.857342610487,3248,4114.2926162928015
639.405250870849,3278,4157.193127443332
639.953146671111,3057,3867.986655411707
640.501030011274,3140,3983.107961221231
641.048900891339,3142,3994.2569013553907
641.596759311305,2922,3715.939871355743
642.144605271171,2958,3777.5025885118357
642.692438770939,3051,3892.2141621301053
643.240259810608,2962,3781.372913424825
643.788068390178,2775,3552.2524353370027
644.335864509649,2774,3545.9179155184265
644.883648169022,2855,3655.082687673802
645.431419368295,2744,3521.8737391544105
645.97917810747,2667,3424.702055143358
646.526924386545,2649,3408.0457526810333
647.074658205522,2740,3531.545789703564
647.6223795644,2561,3298.8685306039933
648.170088463179,2538,3272.333469809142
648.717784901859,2491,3216.1962598714827
649.26546888044,2450,3165.8853693736537
649.813140398922,2570,3322.009037496619
650.360799457306,2455,3174.0484089600977
650.90844605559,2444,3167.1662405438024
651.456080193776,2357,3054.2988729817735
652.003701871863,2356,3061.34981961623
652.55131108985,2306,3000.886104337601
653.098907847739,2234,2908.6437731176466
653.646492145529,2363,3083.1807885384796
654.194063983221,2196,2867.4072728469914
654.741623360813,1966,2576.4913030671155
655.289170278306,2216,2906.6639303039983
655.836704735701,2228,2924.0710573916
656.384226732996,2093,2748.528355932201
656.931736270193,2044,2679.2002285558765
657.479233347291,2148,2817.884359393637
658.02671796429,1929,2535.2566297024905
658.57419012119,2002,2634.295010653206
659.121649817991,2034,2681.364516847173
659.669097054693,2004,2649.0038933144474
660.216531831296,1985,2624.087727539153
660.763954147801,1855,2455.7487358954972
661.311364004207,1864,2466.0055924540557
661.858761400513,1833,2423.138496048934
662.406146336721,1829,2421.186558163949
662.95351881283,1764,2338.0181167856413
663.50087882884,1776,2362.9949966396966
664.048226384751,1679,2240.5333485238066
664.595561480563,1754,2346.748056063312
665.142884116277,1609,2150.8103424586034
665.690194291891,1774,2369.1450245594765
666.237492007407,1776,2373.2390192658513
666.784777262824,1633,2181.025161987329
667.332050058141,1630,2182.875496514223
667.87931039336,1631,2189.147242568772
668.42655826848,1620,2178.40509328847
668.973793683502,1548,2091.1154232019085
669.521016638424,1501,2032.4587480861287
670.068227133247,1557,2114.4235995693516
670.615425167972,1568,2134.665474278308
671.162610742597,1474,2007.9972462073226
671.709783857124,1515,2067.9496413130164
672.256944511552,1452,1981.8704208602219
672.80409270588,1385,1894.37577108667
673.351228440111,1394,1912.6935833945938
673.898351714242,1278,1757.1409791328376
674.445462528274,1311,1809.591741656921
674.992560882207,1437,1987.5441374819495
675.539646776042,1384,1915.428590835998
676.086720209777,1362,1887.6191077229744
676.633781183414,1191,1654.7439390220911
677.180829696952,1367,1900.6092332966732
677.72786575039,1281,1786.6844383977887
678.27488934373,1264,1768.68365710551
678.821900476971,1282,1795.667668272663
679.368899150114,1314,1843.3520137034377
679.915885363157,1254,1761.2415554488564
680.462859116101,1186,1669.180374693213
681.009820408947,1168,1647.9777106788658
681.556769241694,1097,1550.9002335387622
682.103705614341,1158,1641.80083878745
682.65062952689,1052,1493.056969626358
683.19754097934,1107,1573.565710633757
683.744439971691,1095,1561.7543840339833
684.291326503944,1098,1569.3681232859346
684.838200576097,1043,1493.466538437323
685.385062188151,1072,1538.0169221762533
685.931911340107,927,1334.6114541767818
686.478748031964,1021,1471.6453072792403
687.025572263721,1075,1554.8361223576806
687.57238403538,1067,1547.0727669525968
688.11918334694,1019,1475.6756318934868
688.665970198401,1044,1516.3175278208848
689.212744589763,1031,1500.13689708632
689.759506521027,921,1344.7016969297506
690.306255992191,925,1353.8199367916243
690.852993003257,955,1399.1478783027303
691.399717554223,950,1394.427844107925
691.946429645091,965,1415.431652544794
692.49312927586,876,1288.1999690852947
693.03981644653,872,1284.4451998012023
693.586491157101,949,1398.305697817958
694.133153407573,831,1229.1333687113668
694.679803197946,941,1393.6559382040089
695.226440528221,922,1369.262087062754
695.773065398396,817,1217.08437585164
696.319677808473,896,1335.4630713979432
696.866277758451,880,1316.170350739851
697.412865248329,765,1145.475722721219
697.959440278109,833,1248.3248214756302
698.50600284779,831,1248.2907346755032
699.052552957372,699,1051.32563621036
699.599090606856,756,1139.266239827552
700.14561579624,838,1265.7986065569469
700.692128525526,723,1094.6856652375775
701.238628794712,756,1145.7717819697298
701.7851166038,801,1217.0534463073561
702.331591952789,808,1229.0628082308187
702.878054841679,792,1205.1923530966546
703.42450527047,623,950.2982569921157
703.970943239162,774,1181.3587054761736
704.517368747755,725,1108.9063411243833
705.063781796249,745,1141.5022516212175
705.610182384645,709,1088.305709826237
706.156570512942,798,1226.9340199329638
706.702946181139,621,956.5709762382245
707.249309389238,628,969.7314729237323
707.795660137238,661,1023.8607392384378
708.341998425139,755,1171.7429196741996
708.888324252941,697,1083.7381153655629
709.434637620644,680,1059.2982960920135
709.980938528249,595,925.8451482188123
710.527226975754,689,1075.7167777045502
711.073502963161,561,876.9633823073316
711.619766490468,596,933.1046025251251
712.166017557677,594,932.354444631062
712.712256164787,501,786.6541819215876
713.258482311798,675,1062.9027265052541
713.80469599871,605,954.7915850809798
714.350897225524,662,1047.101616601137
714.897085992238,578,915.8125611633228
715.443262298853,583,925.3459798983313
715.98942614537,636,1009.6645398195794
716.535577531788,627,996.1285442205032
717.081716458106,670,1067.9051074802258
717.627842924326,521,832.9124802422549
718.173956930447,613,984.0513954348752
718.720058476469,620,1000.1226278202088
719.266147562393,544,878.0847627366935
719.812224188217,558,900.6295135198051
720.358288353942,557,899.3846017188298
720.904340059569,562,906.7426677416304
721.450379305097,609,983.9960164373178
721.996406090525,488,790.563934642335
722.542420415855,533,866.2207763911462
723.088422281086,541,881.331579592792
723.634411686218,516,843.2519294905188
724.180388631252,459,751.9603222634998
724.726353116186,416,682.8622397927408
725.272305141021,470,774.1091620445297
725.818244705758,461,760.2096557083613
726.364171810396,499,825.0150214480612
726.910086454934,578,955.895763087691
727.455988639374,462,766.2328342917541
728.001878363715,454,754.8461188005824
728.547755627957,456,758.8538845379592
729.0936204321,449,750.2069436795497
729.639472776145,481,803.6728447899253
730.18531266009,411,687.0268341097118
730.731140083937,441,739.6301582990718
731.276955047684,420,705.5761850585365
731.822757551333,414,697.1533699279635
732.368547594883,544,919.553797572525
732.914325178334,438,741.8950849109507
733.460090301686,454,770.8875039788848
734.005842964939,433,737.9099370618871
734.551583168093,438,748.2901299594984
735.097310911149,429,735.4140285571193
735.643026194105,343,590.532737725242
736.188729016963,432,746.21274845651
736.734419379722,388,672.2320740450052
737.280097282382,381,660.6513609018225
737.825762724942,335,581.982751907511
738.371415707405,399,693.9497278574295
738.917056229768,467,814.9489376955377
739.462684292032,464,812.8183813155931
740.008299894198,356,624.8898298423543
740.553903036264,512,901.6631262251572
741.099493718232,335,592.5171944760737
741.6450719401,389,690.539762778553
742.19063770187,431,767.7943645152255
742.736191003541,377,674.8410687874452
743.281731845113,398,714.0741320221392
743.827260226586,334,600.2655680326627
744.372776147961,447,805.7140189092079
744.918279609236,374,675.5898532928973
745.463770610412,373,674.4351549688926
746.00924915149,315,572.112861434122
746.554715232469,389,708.5523304798029
747.100168853348,371,676.7142505802755
747.645610014129,321,588.0952964807768
748.191038714811,317,582.4232979595902
748.736454955395,390,719.8861328884524
749.281858735879,328,607.8525803904304
749.827250056264,363,674.9829820941168
750.372628916551,395,736.6831731591216
750.917995316738,326,608.2931401398398
751.463349256827,422,788.7176290318059
752.008690736817,408,764.8844713307637
752.554019756708,242,455.954650304162
753.0993363165,335,634.0695722658774
753.644640416193,340,647.4892638425242
754.189932055787,328,626.5364856268593
754.735211235282,301,575.4677356667736
755.280477954679,289,553.2607573660206
755.825732213977,317,608.068752339744
756.370974013175,344,662.0754538555376
756.916203352275,303,584.5651719621553
757.461420231276,304,589.2662219119167
758.006624650178,405,788.0953598597678
758.551816608981,331,646.8225150961558
759.096996107685,327,642.620931985957
759.642163146291,313,619.5820369402563
760.187317724797,322,638.7051380683231
760.732459843205,277,552.2917122429762
761.277589501513,249,499.3818769993079
761.822706699723,258,518.8893506039517
762.367811437834,257,520.630062040738
762.912903715846,308,625.8601415883586
763.457983533759,234,476.6146532162871
764.003050891573,243,496.87889827934885
764.548105789289,197,405.216459568374
765.093148226905,249,514.4724406471111
765.638178204423,283,587.7576979608274
766.183195721841,255,531.1347312874727
766.728200779161,266,555.4242269302712
767.273193376382,281,587.955309823349
767.818173513504,302,635.3848330859612
768.363141190527,237,501.75258632336954
768.908096407451,271,575.5786992276119
769.453039164277,260,556.0322081631356
769.997969461003,264,565.5261133556628
770.542887297631,235,505.66345370039517
771.087792674159,262,566.8337785535572
771.632685590589,352,765.6078639136435
772.17756604692,233,509.67983279705675
772.722434043152,218,477.98530263312495
773.267289579285,263,579.0475983924114
773.812132655319,316,697.6492185608312
774.356963271254,271,600.5842804565483
774.901781427091,332,739.2536389018949
775.446587122829,282,629.598863107111
775.991380358467,295,661.8953756114288
776.536161134007,270,607.456357170913
777.080929449448,284,642.053182160068
777.62568530479,208,472.42921588436707
778.170428700033,272,618.6993401137781
778.715159635177,211,483.2436029951368
779.259878110222,288,661.0947446101134
779.804584125169,230,530.0071796338467
780.349277680016,240,554.9406187973232
780.893958774765,222,514.4170910828984
781.438627409414,251,584.638281439938
781.983283583965,248,580.5484749737591
782.527927298417,224,527.817710452377
783.07255855277,310,733.0136897523471
783.617177347024,297,704.5709194926943
784.16178368118,297,706.8719328624657
784.706377555236,205,488.9577161535035
785.250958969194,280,671.8863737732636
785.795527923052,209,502.6059946501755
786.340084416812,258,623.7718476558199
786.884628450473,261,634.9699597579145
787.429160024035,242,589.1643005450188
787.973679137498,218,534.2814407048634
788.518185790862,301,739.5010506931402
789.062679984127,218,537.2365343876843
789.607161717294,203,502.5599500805416
790.151630990361,298,739.933307971741
790.69608780333,244,608.4392423895528
791.2405321562,270,675.0814586822181
791.78496404897,259,650.425433515307
792.329383481642,249,628.3364694909601
792.873790454215,289,731.9079889380647
793.418184966689,238,605.9426231524353
793.962567019065,300,766.4712994037969
794.506936611341,200,512.3891502904199
795.051293743518,266,684.1529641977417
795.595638415597,300,772.645552134894
796.139970627577,179,463.41272818001505
796.684290379458,267,693.3326115149989
797.22859767124,277,721.9055015427124
797.772892502922,148,387.4312033923911
798.317174874507,175,459.21379282150747
798.861444785992,267,703.6984996527021
799.405702237378,213,562.8386677265796
799.949947228666,178,472.076587123142
800.494179759854,240,640.0042991244984
801.038399830944,147,393.59056423397215
801.582607441935,242,650.2146708322663
802.126802592827,269,726.2301691556996
802.67098528362,231,625.7271448623472
803.215155514314,212,576.349965404191
803.759313284909,255,697.1363565458433
804.303458595405,207,567.6080328250744
804.847591445803,250,687.61743689996
805.391711836101,263,725.9869839018006
805.935819766301,238,659.6962065164772
806.479915236402,212,591.0619108442178
807.023998246404,257,718.7864317985956
807.568068796307,243,682.5766522550527
808.112126886111,226,637.4705445062524
808.656172515816,268,757.91298590466
809.200205685422,227,645.0834617231357
809.74422639493,268,763.9927333106939
810.288234644338,269,769.1595694736944
810.832230433648,237,680.6281416587553
811.376213762859,213,613.1292766128192
811.920184631971,205,591.7223097074964
812.464143040984,200,579.322506954876
813.008088989898,249,723.982727351
813.552022478713,206,600.931101256925
814.095943507429,226,662.8430550885545
814.639852076047,218,640.0119091592406
815.183748184565,152,447.7396574934475
815.727631832985,173,512.3859270408038
816.271503021306,241,716.5909689528619
816.815361749528,257,769.2557120075062
817.359208017651,213,639.6262517651522
817.903041825675,190,572.3425374760577
818.4468631736,167,505.27167956743517
818.990672061426,188,569.6350820541267
819.534468489154,222,675.4768161522054
820.078252456782,189,576.5487722569998
820.622023964312,201,614.1777662458868
821.165783011743,150,460.2089651799555
821.709529599074,241,740.8578199820278
822.253263726307,176,542.4155873494583
822.796985393441,216,667.6369848427212
823.340694600477,153,474.4252788101126
823.884391347413,199,619.9978369667784
824.42807563425,202,631.9487591692382
824.971747460989,131,410.95147255067286
825.515406827628,155,488.4289819013526
826.059053734169,257,812.774929579336
826.602688180611,186,591.5013313347928
827.146310166954,204,651.5856128435504
827.689919693198,173,554.6639971731626
828.233516759343,242,778.0737147744928
828.777101365389,120,386.14474051692844
829.320673511337,221,713.6014210595367
829.864233197185,203,655.8980582724347
830.407780422935,224,725.416626177526
830.951315188586,223,724.453449835498
831.494837494137,229,746.649038428176
832.03834733959,187,612.1015305609377
832.581844724945,238,780.1421855881326
833.1253296502,176,579.0971292122209
833.668802115356,229,755.2682556860652
834.212262120413,247,816.4469098457715
